lam,esp_10mev,esp_50mev,esp_100mev,esp_190mev,edp_10mev,edp_50mev,edp_100mev,edp_190mev
2.0,-10.535229900623602,-14.168585267701088,-16.416164976782675,-16.524720147222432,5.738808565543377,26.88441084025581,39.02018412372278,41.41301560614908
2.1,-10.119858669939816,-13.407728779378038,-15.81291569615326,-17.048626685709262,5.6841973384962206,26.578105890454435,38.88411830000057,44.119386901002024
2.2,-9.694988060996513,-12.607218735596975,-15.070973638585546,-17.173521519447434,5.6296277961203005,26.254635249731113,38.55571032781958,45.69854358675384
2.3,-9.270455333732643,-11.787512276433263,-14.226942454397546,-16.989487501693965,5.576134533253767,25.92757915520183,38.11054621964576,46.439487470292555
2.4,-8.853705721124289,-10.965228404089366,-13.31130213898767,-16.561854218426184,5.524450245949163,25.606109298986734,37.601395638775955,46.58924475877569
2.5,-8.450242239174358,-10.153714011232342,-12.35005896396726,-15.938803430954644,5.475074449767523,25.296243921049815,37.06462065224712,46.340692071072944
2.6,-8.063999871780911,-9.36348078670349,-11.36562293216418,-15.158594592246864,5.4283278779187105,25.001745792378017,36.52482986051459,45.837587566708905
2.7,-7.6976565999627224,-8.60257010606284,-10.377216376135808,-14.254422453798332,5.384395379391006,24.72477172556394,35.99822416845867,45.184156034127774
2.8,-7.352891356287238,-7.876878931083647,-9.401043317361168,-13.257004990417576,5.343359610338927,24.466345799571865,35.49500846176025,44.45430596909024
2.9,-7.0305972402357515,-7.1904629443884085,-8.450378799434853,-12.195497515613958,5.3052273820222124,24.22670521889366,35.02114324384584,43.699138902016976
3.0,-6.731057004789125,-6.545822406784192,-7.5356753159043945,-11.097353501895602,5.2699501744404325,24.005552814604805,34.5796254217038,42.95275651034643
3.1,-6.454086769049228,-5.944170239606951,-6.664732562799969,-9.987667320035948,5.237440032166329,23.802240476010258,34.171426571776216,42.23672423323893
3.2,-6.199153038167006,-5.385679290178951,-5.842939373904218,-8.88841549582924,5.207581818054735,23.615901283223817,33.79617699473314,41.56353442309986
3.3,-5.965467376795262,-4.86970543145922,-5.073573440951413,-7.817874255984476,5.180242603542833,23.445543575249047,33.4526586205445,40.939305719843695
3.4,-5.75206244928531,-4.394984069033191,-4.3581336828601565,-6.790349838018621,5.155278814835165,23.290116909636506,33.139153812425796,40.36586581105213
3.5,-5.557852590259595,-3.959799037281335,-3.6966787323992283,-5.81623906882238,5.132541624705652,23.148557423828176,32.85368636399393,39.84231711229612
3.6,-5.381681593488347,-3.562124282458629,-3.0881492877292396,-4.902359075404243,5.111880976782895,23.019818247246604,32.5941830895778,39.36616909449824
3.7,-5.22235999208744,-3.199739889227219,-2.530658805199723,-4.052449993640855,5.093148546713258,22.902889183584485,32.35857814058056,38.93411881125158
3.8,-5.078693745809169,-2.8703248120799536,-2.0217439068310417,-3.2677539850137283,5.076199879280234,22.79680878619781,32.14487701278778,38.5425593767318
3.9,-4.9495059399018,-2.5715291224348302,-1.5585716528197286,-2.547593296626101,5.060895888863158,22.70067111380997,31.951192944379617,38.187889363953765
4.0,-4.83365283655303,-2.3010287379316505,-1.1381050040586096,-1.8898963452001403,5.047103870163317,22.613628823612526,31.775764962530584,37.866684633686994
4.1,-4.73003539200645,-2.056565533394385,-0.7572303937398749,-1.2916451931830075,5.034698133798188,22.53489378950117,31.616964143322,37.57578055468842
4.2,-4.637607160397226,-1.8359755218046379,-0.41285262757332924,-0.7492362990191188,5.0235603568982405,22.463736087796033,31.47329261435947,37.3122994836506
4.3,-4.555379342446167,-1.637207500082883,-0.10196269789259588,-0.25875835861186386,5.0135797184938875,22.399481941507705,31.343378338065225,37.07364730231743
4.4,-4.482423599910075,-1.458334227029086,0.1783161355460805,0.18380255672319074,5.004652874328212,22.34151103401233,31.225967656568553,36.857494312245834
4.5,-4.417873142805728,-1.2975578738210565,0.43069920848300663,0.5824179233677571,4.996683814071708,22.289253474150357,31.119916849154833,36.661749741601554
4.6,-4.360922499804515,-1.1532111798089606,0.6577241748145546,0.9409191189720503,4.989583633668127,22.242186604251934,31.024183462383565,36.48453507923573
4.7,-4.310826303718902,-1.0237554722399984,0.861744229704891,1.2629358829458992,4.9832702487317695,22.19983177923526,30.937817853644503,36.32415890348775
4.8,-4.266897357976197,-0.9077764703321088,1.0449281484795483,1.5518613926391973,4.977668068645238,22.16175120022095,30.859955182275296,36.17909435456973
4.9,-4.2285041960082514,-0.8039785934496221,1.209265047020728,1.8108363628113637,4.972707646814491,22.12754485672376,30.7898079601592,36.04795955244673
5.0,-4.1950683014099415,-0.7111783274731073,1.3565722642315228,2.04274630445011,4.968325319464478,22.09684760923833,30.726659194584457,35.929500829588164
5.1,-4.166061120379844,-0.6282970686922341,1.4885051697370881,2.2502275402219247,4.964462839185549,22.069326431437258,30.66985611659392,35.82257845919771
5.2,-4.14100096863064,-0.5543537569325139,1.6065680190028955,2.4356787504742416,4.961067014386746,22.04467781857488,30.61880446170503,35.72615450431524
5.3,-4.1194499111657965,-0.4884575246458251,1.7121252260867932,2.601275739041535,4.958089354883738,22.02262536741806,30.57296327077929,35.639282426808556
5.4,-4.101010674159211,-0.4298005225093666,1.806412613943125,2.7489878016605473,4.95548572887847,22.00291752402217,30.53184016216011,35.561098138442375
5.5,-4.085323632606052,-0.3776510308953424,1.8905483448759395,2.8805945943218267,4.953216038657199,21.985325487725568,30.494987010492576,35.49081222675717
5.6,-4.072063905566164,-0.3313469281680661,1.9655433388449557,2.9977027733939607,4.951243904314432,21.96964128260967,30.461996053046118,35.42770314181637
5.7,-4.060938580552956,-0.2902895571847168,2.0323110652979293,3.1017619478586096,4.949536370909579,21.955675966553862,30.43249630964009,35.371111171317466
5.8,-4.051684081475193,-0.2539380102729484,2.0916766486302896,3.194079672685535,4.948063630237045,21.943257984605182,30.40615033822086,35.32043306976242
5.9,-4.044063688244781,-0.22180383707766385,2.1443852668624355,3.2758353430478606,4.946798759698451,21.932231653506392,30.382651274085894,35.27511723698986
6.0,-4.0378652117910825,-0.19344616877345702,2.1911098493682504,3.348092937247933,4.945717479013489,21.922455767790904,30.36172013061733,35.23465936352593
6.1,-4.032898824533473,-0.16846724436452773,2.2324580974882458,3.4118126143262355,4.9447979235457264,21.913802321162915,30.343103335495545,35.19859847876439
6.2,-4.028995043875746,-0.14650831989191893,2.26897886264512,3.467861208931719,4.944020433623481,21.90615533341296,30.326570483554313,35.1665133505875
6.3,-4.026002864393711,-0.12724593835837317,2.301167923154189,3.517021687745147,4.9433673594556,21.899409776447534,30.311912287672747,35.13801919579634
6.4,-4.0237880327848705,-0.11038853635391421,2.329473204055451,3.5600016434201214,4.94282288088428,21.893470590735067,30.298938705061595,35.1127646676582
6.5,-4.0222314590440815,-0.09567336305692375,2.354299484933509,3.597440906502826,4.942372841065399,21.888251786583208,30.287477230954675,35.09042909364332
6.6,-4.021227756588026,-0.08286368732984137,2.376012639977529,3.629918356015657,4.942004593415783,21.883675622189195,30.277371339856312,35.07071993872847
6.7,-4.020683903655366,-0.07174626924387426,2.3949434528263023,3.657958006726849,4.941706860845222,21.87967185368193,30.2684790625305,35.05337047570913
6.8,-4.020518018402408,-0.06212907356770894,2.4113910462570316,3.6820344466276156,4.941469606639156,21.876177050397647,30.26067168950215,35.03813764400498
6.9,-4.020658239882564,-0.053839203758419905,2.4256259641887783,3.702577692936786,4.941283916079195,21.87313397035069,30.253832586628757,35.02480008128306
7.0,-4.02104170775973,-0.04672103677362414,2.4378929403033616,3.719977529027088,4.941141888198552,21.8704909910891,30.24785611602674,35.01315631458701
7.1,-4.021613633051991,-0.040634539795483614,2.448413385141468,3.73458737925548,4.941036536716771,21.868201591085292,30.24264665141635,35.003023097751445
7.2,-4.022326453292429,-0.03545375200522967,2.4573876203434564,3.7467277727590123,4.940961699842768,21.866223877283918,30.238117680065553,34.99423388375472
7.3,-4.023139065500713,-0.031065415660990466,2.464996886080015,3.7566894421401904,4.940911957619637,21.864520155196036,30.23419098484561,34.98663742112584
7.4,-4.024016130550359,-0.027367741944935537,2.471405145448848,3.764736098147546,4.940882557126851,21.863056537534813,30.23079589764036,34.98009646481844
7.5,-4.024927443274893,-0.02426929859371347,2.476760706909968,3.771106916795288,4.940869344163708,21.861802588289763,30.227868620037412,34.97448659242977
7.6,-4.025847362386606,-0.02168800701497927,2.481197684172492,3.776018771578463,4.94086870101077,21.86073099891699,30.225351603140886,34.96969511712345
7.7,-4.026754295792312,-0.019550238591457623,2.4848373102523835,3.779668239230083,4.940877490271005,21.859817294092498,30.22319298273937,34.96562008996105
7.8,-4.027630236064738,-0.017789999956628378,2.4877891213241936,3.7822334047274917,4.940893003790481,21.859039564198742,30.221346064601406,34.962169383972984
7.9,-4.028460341467601,-0.01634819819796665,2.490152024231041,3.78387548816662,4.940912916238328,21.85837822219919,30.219768856015243,34.95925985369991
8.0,-4.029232559382342,-0.015171978681550194,2.4920152594028133,3.7847403129783443,4.940935243197643,21.857815782859475,30.218423638033414,34.95681656386542
8.1,-4.029937286997011,-0.014214127165981484,2.4934592709390797,3.7849596337118774,4.9409583033265205,21.857336662132607,30.21727657593919,34.9547720814939
8.2,-4.030567067241084,-0.013432530811541606,2.4945564927835493,3.7846523382192307,4.940980684115633,21.85692699505878,30.216297365239353,34.95306582662147
8.3,-4.031116315605725,-0.012789691276394574,2.4953720604697445,3.783925538478933,4.941001210935385,21.856574470319117,30.21545890774413,34.95164347617608
8.4,-4.031581075948825,-0.012252285406954647,2.495964455527084,3.782875561648752,4.941018919283435,21.85626818014521,30.214737016775413,34.95045641728745
8.5,-4.031958801520526,-0.011790767910043552,2.496386090245551,3.781588852511673,4.941033029547203,21.855998484112767,30.214110149708603,34.94946124552545
8.6,-4.032248160086368,-0.011379012766818406,2.496683838093541,3.7801427960691285,4.941042924664955,21.85575688541577,30.213559162162515,34.94861930447857
8.7,-4.032448859348848,-0.010993988321687959,2.496899516319732,3.7786064693127064,4.94104812967376,21.85553591867074,30.21306708627932,34.94789626335149
8.8,-4.03256149253116,-0.010615464093216028,2.49707032443537,3.7770413285600792,4.941048293647472,21.85532904814649,30.212618926720637,34.947261729309005
8.9,-4.032587400085611,-0.01022574449295538,2.4972292443308213,3.775501839856901,4.941043173337976,21.855130575472682,30.21220147558096,34.94668889189414
9.0,-4.032528547965258,-0.009809428360803453,2.497405404586348,3.7740360571011484,4.941032618672853,21.854935555861804,30.211803144011835,34.94615419664371
9.1,-4.032387419391672,-0.009353190614045775,2.4976244134133854,3.7726861536631384,4.94101655969609,21.85473972215601,30.211413808419294,34.945637045884006
9.2,-4.03216691931386,-0.008845584247495984,2.497908662967533,3.7714889116530204,4.940994994950643,21.85453941602629,30.211024669927774,34.94511952403141
9.3,-4.031870290291819,-0.008276860682944257,2.4982776077851554,3.77047617278122,4.940967981113698,21.854331525531233,30.21062812681769,34.94458614589476
9.4,-4.031501038823463,-0.007638806803154468,2.4987480196768006,3.7696752542077507,4.940935623929948,21.85411342856298,30.210217658014294,34.94402362566268
9.5,-4.031062870673643,-0.0069245967504044615,2.4993342215972616,3.7691093326747946,4.940898069889712,21.853882941630104,30.2097877170853,34.943420665402634
9.6,-4.030559633934467,-0.006128656778434148,2.500048302609319,3.768797799835769,4.940855499097509,21.853638273287974,30.209333635543356,34.94276776095884
9.7,-4.029995270610668,-0.0052465431737668804,2.500900314667255,3.768756590430116,4.940808118909755,21.85337798227389,30.208851534492656,34.94205702437896
9.8,-4.029373773690955,-0.0042748302883525175,2.5018984542708878,3.7689984865946027,4.940756158308335,21.853100939214148,30.208338244694183,34.9412820212021
9.9,-4.028699150460931,-0.003211008789959958,2.5030492294162068,3.7695333995676132,4.940699862894024,21.85280629227684,30.2077912331996,34.94043762149741
10.0,-4.027975391546376,-0.0020533932898695205,2.504357613078437,3.7703686304869426,4.940639490731508,21.852493435908343,30.207208536719698,34.939519863773114
10.1,-4.027206443801943,-0.0008010374674864149,2.5058271851869525,3.771509112499723,4.9405753084109545,21.852161982581222,30.206588701124932,34.9385258303917
10.2,-4.026396187902774,0.0005463429806386219,2.5074602632154925,3.772957634952707,4.940507587879992,21.85181173723464,30.205930726140856,34.93745353375193
10.3,-4.025548419753111,0.0019884405789602736,2.509258022624194,3.7747150511598364,4.940436603594391,21.851442674267943,30.205234015048262,34.936301812580986
10.4,-4.024666834536909,0.0035244207103920667,2.511220608411168,3.7767804712897757,4.940362630041796,21.85105491656014,30.204498329121826,34.93507023711017
10.5,-4.023755014377285,0.00515298013696169,2.513347237703937,3.7791514407958653,4.940285939726865,21.85064871673594,30.20372374581434,34.93375902276267
10.6,-4.022816417912455,0.00687240097517402,2.5156362949143753,3.7818241060245907,4.940206801333847,21.850224439974934,30.202910621254023,34.93236895151162
10.7,-4.021854372607992,0.008680599677843244,2.5180854193503626,3.7847933673539846,4.940125478289468,21.8497825488612,30.2020595556394,34.930901300428104
10.8,-4.020872068868113,0.010575171953586551,2.5206915862779193,3.78805302101543,4.940042227504364,21.84932358937098,30.201171362246082,34.92935777661736
10.9,-4.019872555643687,0.012553434031094449,2.523451181962846,3.7915958903860356,4.939957298353391,21.848848178520537,30.200247039032153,34.92774045831582
11.0,-4.018858737976218,0.014612460075815473,2.526360072715882,3.795413947140035,4.939870931851048,21.848356993017727,30.199287742991494,34.926051741401785
11.1,-4.017833375349635,0.016749116790532467,2.529413669022089,3.7994984233660403,4.939783359993896,21.847850759247198,30.198294767000117,34.92429429096529
11.2,-4.016799081494232,0.018960094823673466,2.5326069845029644,3.803839914861308,4.939694805266473,21.847330244147233,30.197269518573016,34.922470997613594
11.3,-4.015758325359939,0.02124193732051885,2.5359346902795035,3.8084284762318665,4.939605480289637,21.846796247139462,30.196213501097233,34.920584937971476
11.4,-4.014713432184543,0.023591066587054788,2.539391165508462,3.8132537087813545,4.939515587501406,21.846249592690025,30.195128296227196,34.918639339051
11.5,-4.013666585963587,0.026003807923242275,2.542970543624063,3.818304840990213,4.93942531910069,21.8456911239159,30.194015548885055,34.91663754633352
11.6,-4.01261983220156,0.02847641161467218,2.5466667550600914,3.8235708025374837,4.939334856912635,21.845121696635506,30.192876952851066,34.91458299495888
11.7,-4.011575081201927,0.03100507296217208,2.5504735665892597,3.8290402921315843,4.9392443723937784,21.844542174247504,30.19171423831035,34.91247918407951
11.8,-4.010534111559492,0.03358595069772863,2.5543846176034246,3.834701839670752,4.939154026786094,21.843953423025752,30.190529160474536,34.91032965375814
11.9,-4.00949857457552,0.03621518329480099,2.5583934530751424,3.840543862742085,4.9390639711311515,21.843356308021278,30.18932348967874,34.90813796459234
12.0,-4.008469998076659,0.03888890444467307,2.562493554303119,3.846554718508607,4.9389743465599665,21.842751689440274,30.188099001939072,34.90590767941247
12.1,-4.007449791075068,0.04160325662958512,2.5666783666851454,3.852722750607672,4.938885284434026,21.84214041941537,30.186857471139735,34.903642347138415
12.2,-4.006439248438009,0.04435440351597288,2.5709413251977495,3.859036331752565,4.938796906662344,21.841523339136913,30.18560066177635,34.901345488613245
12.3,-4.005439555209752,0.04713854150727669,2.5752758778870057,3.8654839024833585,4.938709325849832,21.840901276445205,30.184330322216326,34.899020583946985
12.4,-4.004451791743358,0.049951909601053536,2.579675506858061,3.8720540057763944,4.938622645750747,21.840275043529996,30.183048179484576,34.89667106166912
12.5,-4.003476938270438,0.05279079868611773,2.584133747628085,3.8787353184152242,4.938536961490732,21.839645435294987,30.18175593419827,34.89430028909807
12.6,-4.002515879515962,0.055651559853615994,2.588644206671993,3.885516679067371,4.938452359889341,21.83901322747062,30.180455255575065,34.89191156412614
12.7,-4.001569409691867,0.058530611504080655,2.5932005770014355,3.8923871131269805,4.9383689198275205,21.838379175383714,30.179147778564456,34.8895081080936
12.8,-4.000638236798586,0.06142444614779297,2.597796652549509,3.8993358550443444,4.9382867126008545,21.837744012828704,30.177835099770324,34.88709305975184
12.9,-3.9997229874304887,0.06432963599091743,2.602426340753492,3.906352367766957,4.938205802196068,21.837108450940494,30.176518775138877,34.88466947019114
13.0,-3.9988242111487704,0.06724283809636371,2.6070836739232375,3.913426359924156,4.938126245654748,21.83647317764568,30.175200316789496,34.882240298575745
13.1,-3.997942384834985,0.07016079882865481,2.6117628193435207,3.9205478007324333,4.938048093500855,21.835838856720056,30.173881191946784,34.879808408710865
13.2,-3.9970779169470507,0.07308035768529085,2.616458088103632,3.9277069328250827,4.937971389939896,21.835206127526103,30.17256282047838,34.87737656629421
13.3,-3.9962311516276383,0.07599845059079359,2.621163942863759,3.934894283179261,4.937896173292596,21.83457560457941,30.17124657355237,34.87494743677607
13.4,-3.9954023726813443,0.07891211267251995,2.6258750045997,3.942100672283075,4.93782247629583,21.833947877229114,30.169933772945704,34.87252358374675
13.5,-3.9945918074659876,0.08181848052413612,2.630586058307534,3.949317221654089,4.937750326382976,21.833323509618616,30.168625690507653,34.870107467953886
13.6,-3.9937996305186454,0.08471479412029215,2.635292057943899,3.9565353599240187,4.937679746101478,21.83270304051542,30.167323546193813,34.867701446592996
13.7,-3.9930259671742903,0.08759839821909783,2.6399881304127963,3.9637468274854775,4.937610753256034,21.832086983402085,30.166028508585768,34.8653077732418
13.8,-3.992270896989845,0.09046674342223571,2.644669578826263,3.970943679902146,4.937543361302892,21.831475826648795,30.164741695382812,34.862928597730914
13.9,-3.9915344569767366,0.0933173869259844,2.6493318850760494,3.9781182901895047,4.937477579718639,21.83087003358216,30.163464171879625,34.86056596697449
14.0,-3.9908166447573885,0.09614799289185529,2.6539707117076476,3.9852633500024757,4.93741341401204,21.830270042633757,30.162196952472232,34.85822182538993
14.1,-3.9901174215435518,0.09895633255009152,2.658581903186714,3.992371869880822,4.937350866383377,21.829676267993797,30.160940999458475,34.85589801614264
14.2,-3.9894367150153434,0.10174028399261058,2.6631614866030544,3.9994371785893823,4.937289935457084,21.829089099390114,30.15969722511146,34.85359628210969
14.3,-3.988774421970903,0.10449783178687,2.667705671853645,4.006452921704609,4.937230616986019,21.828508902833835,30.158466490124184,34.85131826743837
14.4,-3.9881304109546463,0.10722706626695083,2.672210851352174,4.013413059420468,4.937172904050282,21.827936021109924,30.15724960743213,34.849065519254914
14.5,-3.9875045246807557,0.10992618266730651,2.6766735992627804,4.020311863728665,4.937116786816259,21.827370774007253,30.15604733926576,34.846839489009746
14.6,-3.986896582334434,0.11259348005746365,2.6810906703777464,4.027143915001696,4.937062253125978,21.826813458580826,30.15486040061174,34.84464153472267
14.7,-3.986306381776697,0.11522736007649907,2.6854589985571944,4.033904098030243,4.9370092890262205,21.826264350142083,30.153689457574774,34.84247292275153
14.8,-3.9857337015979777,0.11782632552648814,2.6897756949140237,4.040587597587859,4.936957878177756,21.825723702694997,30.152535130874824,34.84033482973269
14.9,-3.985178303085391,0.12038897879704397,2.69403804558899,4.047189893559926,4.936908002569667,21.825191748936817,30.15139799665793,34.83822834461959
15.0,-3.9846399320468175,0.12291402017998745,2.6982435093339268,4.053706755696984,4.936859642744771,21.824668701484516,30.15027858241,34.83615447156974
15.1,-3.9841183205369988,0.12540024605282643,2.7023897147691667,4.06013423802869,4.9368127768331584,21.824154752724702,30.149177376314256,34.83411413154068
15.2,-3.9836131884942128,0.12784654694654723,2.7064744574721433,4.0664686729711494,4.93676738391208,21.823650075838678,30.148094830166244,34.832108163699615
15.3,-3.9831242452514295,0.13025190553024493,2.710495696830633,4.072706665181481,4.936723443567649,21.823154830663043,30.147031336883973,34.83013732866351
15.4,-3.9826511909293596,0.13261539456700153,2.7144515526647517,4.078845085234235,4.936680917262924,21.822669140183773,30.14598725570192,34.82820231930193
15.5,-3.982193717875975,0.13493617457651727,2.718340301749488,4.084881062935597,4.9366397946507306,21.822193136720653,30.1449629216268,34.82630373799199
15.6,-3.981751511801582,0.1372134917613238,2.722160374234369,4.090811980718554,4.9366000434760435,21.821726917833814,30.143958620007872,34.82444212919676
15.7,-3.981324252974412,0.1394466756372163,2.7259103497927946,4.096635466727007,4.9365616376973085,21.821270569374562,30.142974595972817,34.82261796354706
15.8,-3.980911617323125,0.14163513668405844,2.7295889537672444,4.102349387833998,4.936524549255236,21.82082416160824,30.142011066003935,34.820831645978835
15.9,-3.9805132774210112,0.14377836397343768,2.7331950532385862,4.107951842589756,4.93648875026549,21.82038774902234,30.1410682070106,34.81908351664776
16.0,-3.980128903426522,0.14587592274912659,2.7367276529299267,4.113441154086335,4.936454212226047,21.81996137209084,30.1401461684762,34.817373853930576
16.1,-3.9797581639357023,0.14792745199402615,2.7401858911214334,4.118815862788802,4.936420906599233,21.819545056907806,30.13924506368566,34.81570287640057
16.2,-3.979400726796358,0.14993266196025185,2.7435690354639997,4.124074719321133,4.936388804522015,21.819138816429067,30.138364978073277,34.81407074555288
16.3,-3.9790562598332126,0.15189133170697794,2.746876478794022,4.129216677258968,4.936357876718749,21.818742650597265,30.137505964036023,34.81247756749651
16.4,-3.9787244315078896,0.15380330663841352,2.7501077349109204,4.1342408859271575,4.936328094452584,21.81835654684472,30.136668050486396,34.810923395927134
16.5,-3.9784049115813813,0.15566849599580057,2.7532624342869,4.139146683189406,4.936299428486028,21.81798048115329,30.135851234386323,34.80940823355469
16.6,-3.978097371641398,0.15748687041882975,2.7563403198556116,4.1439335883077675,4.936271849756938,21.817614418018653,30.135055490071466,34.80793203517637
16.7,-3.9778014856339285,0.15925845947271408,2.759341242741255,4.148601294824469,4.936245329488288,21.81725831148579,30.134280765501966,34.806494709115945
16.8,-3.977516930360545,0.16098334918215154,2.762265157994144,4.153149663488272,4.936219838793223,21.81691210519844,30.133526984607023,34.805096119562016
16.9,-3.9772433858462963,0.162661679645176,2.765112120423538,4.157578715289775,4.936195349222637,21.816575733388426,30.132794050181538,34.803736088955624
17.0,-3.9769805358051835,0.16429364256401846,2.767882280323291,4.161888624502397,4.93617183241724,21.816249121028438,30.13208184241129,34.802414399705384
17.1,-3.976728067928625,0.1658794789074578,2.770575879364123,4.166079711876476,4.936149260423546,21.815932184446886,30.131390220612825,34.801130796299645
17.2,-3.976485674197874,0.16741947655171263,2.77319324644905,4.170152437886174,4.936127605504884,21.815624831868902,30.13071902596605,34.79988498750912
17.3,-3.9762530512021934,0.16891396792359856,2.7757347936124046,4.174107396066116,4.936106840338798,21.815326963768342,30.13006808045434,34.798676647705065
17.4,-3.976029900324017,0.17036332775527097,2.7782010120349736,4.177945306486759,4.9360869379646966,21.815038473559845,30.12943718866813,34.79750541977318
17.5,-3.9758159280672043,0.17176797073860395,2.7805924679623772,4.181667009270573,4.936067871825806,21.814759247721227,30.12882613961644,34.796370915977924
17.6,-3.9756108460828625,0.1731283494336737,2.7829097989382,4.185273458338422,4.936049615777059,21.814489166498948,30.12823470651788,34.795272720184755
17.7,-3.975414371413018,0.17444495202852725,2.7851537098398356,4.18876571516897,4.936032144095036,21.81422810432229,30.12766264787085,34.794210389772054
17.8,-3.9752262267263547,0.17571830012038234,2.787324969073486,4.192144942670484,4.936015431572448,21.813975930008887,30.127109709478443,34.793183457098515
17.9,-3.975046140224855,0.17694894679240575,2.789424404961668,4.19541239932224,4.9359994534244045,21.81373250746285,30.126575623788426,34.79219143142158
18.0,-3.9748738458900905,0.17813747444120082,2.7914529020114496,4.198569433276224,4.935984185355054,21.81349769587001,30.126060111841905,34.79123380023084
18.1,-3.974709083506929,0.17928449281841422,2.793411397369294,4.201617476686219,4.935969603624306,21.813271350055004,30.12556288458035,34.790310031177384
18.2,-3.9745515987370243,0.18039063706137382,2.7953008773339514,4.204558040141555,4.935955684895875,21.813053321096334,30.125083642324487,34.78941957335355
18.3,-3.974401143148426,0.18145656579638753,2.797122373934063,4.207392707246623,4.93594240642511,21.812843456424485,30.124622075865922,34.78856185899116
18.4,-3.9742574741739354,0.18248295933432357,2.798876961658985,4.210123129368523,4.935929745981509,21.812641600364916,30.124177868727802,34.78773630472521
18.5,-3.974120355293503,0.18347051772771572,2.80056575408899,4.212751020409197,4.935917681809882,21.812447594262014,30.12375069612077,34.78694231333063
18.6,-3.973989555766081,0.18441995922411972,2.8021899009191693,4.215278151926135,4.935906192682286,21.812261276998886,30.123340226332804,34.78617927461571
18.7,-3.973864850955172,0.18533201829273033,2.803750584652913,4.217706348107768,4.935895257926442,21.81208248534388,30.122946122071834,34.78544656725337
18.8,-3.973746021982738,0.18620744422251986,2.8052490178393192,4.22003748120339,4.935884857361076,21.81191105398031,30.122568040447867,34.78474355971124
18.9,-3.9736328558294534,0.18704699941344818,2.8066864400701697,4.222273466879796,4.93587497132648,21.811746816152304,30.122205634020236,34.784069611649606
19.0,-3.973525145302982,0.18785145781358525,2.8080641151729053,4.224416259776974,4.935865580737605,21.81158960359687,30.121858550502143,34.78342407512939
19.1,-3.9734226889669904,0.18862160343440224,2.8093833284928285,4.226467849221381,4.935856666966981,21.811439247099432,30.12152643494584,34.78280629564699
19.2,-3.9733252911403043,0.1893582288557878,2.8106453842244603,4.2284302550444135,4.935848211907679,21.811295576648007,30.121208929331974,34.78221561338806
19.3,-3.9732327616422722,0.19006213397551408,2.8118516029841785,4.230305523658737,4.935840197990348,21.811158421635035,30.120905673069398,34.781651364218675
19.4,-3.9731449159559062,0.19073412447929172,2.8130033192100345,4.232095724073584,4.935832608104667,21.81102761115494,30.120616304740444,34.781112880765015
19.5,-3.973061574971436,0.1913750106834857,2.814101878894581,4.233802944247722,4.935825425702414,21.810902974211263,30.12034046077481,34.78059949332434
19.6,-3.972982564918297,0.1919856062785292,2.815148637304121,4.2354292874861015,4.935818634661768,21.810784339949628,30.120077777404095,34.78011053088768
19.7,-3.972907717467312,0.19256672698516478,2.8161449566552688,4.2369768688939065,4.9358122193840615,21.81067153783815,30.11982789049652,34.779645322065676
19.8,-3.9728368693833542,0.19311918960937421,2.817092204183266,4.238447812176564,4.935806164712199,21.810564397928594,30.119590436536097,34.7792031958711
19.9,-3.9727698625574517,0.1936438108459807,2.817991750017974,4.239844246393061,4.935800456022072,21.81046275091893,30.119365052690505,34.778783482616504
20.0,-3.9727065439217437,0.19414140621976858,2.818844965262884,4.241168302894842,4.935795079058302,21.81036642851005,30.119151376978245,34.77838551468164
20.1,-3.972646765269315,0.1946127891483192,2.81965322016901,4.2424221124434505,4.935790020094133,21.81027526342608,30.11894904946065,34.77800862727686
20.2,-3.972590383305805,0.1950587698652631,2.8204178822864328,4.243607802340439,4.935785265841007,21.81018908964525,30.118757711875716,34.77765215920443
20.3,-3.9725372593526127,0.1954801546659757,2.8211403148764242,4.244727493856248,4.935780803400184,21.810107742531695,30.118577008588645,34.777315453449965
20.4,-3.972487259422474,0.19587774490029042,2.821821875208915,4.245783299600751,4.935776620350487,21.810031058977533,30.11840658643694,34.7769978579472
20.5,-3.9724402538733243,0.19625233634543646,2.822463913162512,4.246777321222141,4.935772704665587,21.80995887758281,30.118246095360316,34.776698726034155
20.6,-3.9723961175930307,0.19660471819971467,2.8230677695980355,4.247711646969859,4.93576904469265,21.809891038715804,30.11809518875859,34.77641741718683
20.7,-3.97235472972846,0.19693567247957855,2.823634775088808,4.2485883495950425,4.93576562922105,21.80982738464486,30.117953523596384,34.77615329752458
20.8,-3.9723159735520612,0.19724597335089783,2.824166248616928,4.249409484302628,4.935762447465529,21.80976775971651,30.117820760487913,34.775905740251524
20.9,-3.97227973659142,0.19753638629042947,2.8246634962074038,4.25017708668941,4.935759488925467,21.80971201041025,30.11769656479119,34.775674126230484
21.0,-3.9722459100394447,0.19780766785999682,2.825127810078038,4.250893171141368,4.935756743548204,21.809659985359968,30.117580605937412,34.7754578443505
21.1,-3.972214389261553,0.19806056464839866,2.825560467148393,4.251559728811898,4.935754201620668,21.80961153561964,30.117472557789547,34.77525629212644
21.2,-3.9721850731101966,0.1982958131986348,2.8259627283927795,4.252178726281899,4.9357518537600145,21.80956651455471,30.11737209960447,34.77506887573398
21.3,-3.972157864292066,0.19851413913748286,2.8263358375937875,4.2527521038165474,4.935749690953218,21.809524778072937,30.11727891516869,34.77489501081046
21.4,-3.972132668923124,0.19871625698604634,2.8266810206573063,4.253281774115895,4.935747704514505,21.80948618461556,30.117192693973838,34.77473412239521
21.5,-3.9721093967752155,0.19890286945679814,2.8269994845779127,4.253769620832123,4.935745886079682,21.809450595219403,30.117113130356554,34.77458564561264
21.6,-3.97208796083021,0.19907466733751353,2.8272924168765616,4.254217497516746,4.935744227621915,21.809417873607252,30.117039924747385,34.7744490255252
21.7,-3.972068277180951,0.19923232912924446,2.827560984913981,4.254627226496001,4.93574272135669,21.809387886178925,30.116972782840303,34.77432371791048
21.8,-3.972050265484959,0.1993765202852689,2.8278063348774967,4.255000597570289,4.935741359872486,21.80936050216455,30.116911416412165,34.774209188956675
21.9,-3.9720338480000494,0.19950789360073687,2.828029591750242,4.255339367488024,4.935740135987841,21.809335593542723,30.116855542891457,34.77410491578094
22.0,-3.9720189502468575,0.19962708834763146,2.828231858291312,4.255645258720051,4.935739042852214,21.809313035148996,30.116804886024052,34.77401038667386
22.1,-3.972005500586113,0.1997347302984694,2.82841421476565,4.255919958842818,4.935738073855534,21.80929270469573,30.11675917527971,34.77392510106687
22.2,-3.971993430086447,0.19983143154944,2.8285777185202696,4.25616511986097,4.935737222648098,21.809274482775983,30.11671814664158,34.77384856967958
22.3,-3.9719826724600873,0.1999177903179649,2.8287234036156845,4.256382357577408,4.935736483173105,21.809258252886785,30.1166815420843,34.77378031485915
22.4,-3.9719731642765423,0.19999439054750448,2.828852280274381,4.256573250904725,4.9357358495604595,21.809243901470893,30.11664911009107,34.77371987040821
22.5,-3.9719648442612345,0.2000618022642835,2.8289653349844013,4.256739341691333,4.935735316201626,21.809231317902952,30.11662060515699,34.77366678179543
22.6,-3.9719576539928765,0.2001205808504844,2.8290635297745377,4.256882133943234,4.9357348777421715,21.809220394529465,30.116595788553287,34.77362060631506
22.7,-3.971951537103021,0.2001712675279681,2.829147802451515,4.257003093837428,4.935734529074499,21.809211026583505,30.11657442740746,34.77358091293533
22.8,-3.971946439546265,0.20021438902186178,2.8292190662164933,4.257103649285082,4.9357342652022185,21.809203112264335,30.116556295733055,34.77354728248824
22.9,-3.971942309612432,0.20025045744347406,2.8292782095019,4.257185189679624,4.935734081444633,21.80919655279841,30.11654117368095,34.77351930750145
23.0,-3.9719390977129265,0.20027997038229678,2.82932609595968,4.2572490658178,4.935733973260863,21.809191252267876,30.116528847896475,34.773496592495796
23.1,-3.9719367560558867,0.20030341110038455,2.8293635645663993,4.257296589929522,4.935733936344988,21.80918711766924,30.11651911131185,34.77347875357516
23.2,-3.9719352392339453,0.20032124802966306,2.8293914292090303,4.257329035326252,4.935733966554044,21.80918405896525,30.116511763264686,34.77346541874937
23.3,-3.971934503324539,0.2003339354600456,2.829410479214196,4.257347636816199,4.9357340599328055,21.809181988941777,30.11650660948302,34.7734562275784
23.4,-3.971934506567906,0.20034191300354873,2.829421478937071,4.2573535904142386,4.935734212678814,21.809180823348697,30.116503461984006,34.77345083152911
23.5,-3.9719352089295725,0.2003456059538256,2.829425168065883,4.257348053634267,4.935734421242467,21.809180480725022,30.11650213900107,34.77344889337019
23.6,-3.9719365720153363,0.20034542538467132,2.8294222617519598,4.2573321456593485,4.9357346820769505,21.809180882462357,30.116502465020957,34.7734500874952
23.7,-3.971938558986005,0.20034176826706693,2.829413450754936,4.257306947556952,4.935734991970251,21.809181952709945,30.11650427065144,34.77345409965003
23.8,-3.9719411348114892,0.20033501732906883,2.829399401408275,4.257273502370916,4.935735347739157,21.809183618435316,30.1165073927666,34.77346062702054
23.9,-3.9719442657471125,0.20032554154729842,2.8293807561049875,4.257232815628271,4.935735746400477,21.809185809343457,30.116511674064803,34.77346937771365
24.0,-3.9719479197952867,0.20031369587352033,2.8293581331535194,4.2571858554088,4.935736185082556,21.80918845777777,30.116516963408912,34.77348007115446
24.1,-3.971952066321586,0.20029982164026228,2.829332127255243,4.257133552857888,4.9357366610667475,21.809191498879276,30.116523115505444,34.77349243751739
24.2,-3.9719566757574385,0.20028424691203983,2.8293033098760785,4.257076802689609,4.935737171765516,21.80919487025695,30.116529990863768,34.77350621788385
24.3,-3.9719617200973847,0.20026728621885465,2.8292722291798227,4.257016463339932,4.935737714677912,21.8091985122296,30.116537455811397,34.77352116389909
24.4,-3.9719671726935086,0.2002492408557613,2.829239410425125,4.256953357486725,4.935738287481673,21.809202367643326,30.11654538233568,34.77353703773421
24.5,-3.9719730078319038,0.20023039936559667,2.8292053564909976,4.2568882727026205,4.935738887926926,21.809206381858598,30.11655364797603,34.77355361190357
24.6,-3.971979201295623,0.2002110372509367,2.829170547816224,4.2568219616584475,4.935739513898568,21.80921050266877,30.116562135823585,34.77357066905829
24.7,-3.971985729595128,0.20019141774744004,2.8291354431961957,4.2567551429923665,4.935740163348199,21.809214680335508,30.116570734303245,34.77358800182542
24.8,-3.971992570547677,0.2001717915397639,2.8291004797338344,4.2566885015512215,4.935740834351494,21.80921886745681,30.11657933723827,34.77360541268025
24.9,-3.971999703041293,0.20015239712916916,2.829066073319523,4.256622689045053,4.935741525114985,21.809223019029336,30.11658784355427,34.77362271372326
25.0,-3.9720071069308434,0.20013346110348051,2.829032619046359,4.256558324656313,4.935742233881121,21.809227092299775,30.116596157394035,34.77363972652594
25.1,-3.9720147628173064,0.2001151985066129,2.829000491708931,4.256495995724202,4.935742959027547,21.809231046713045,30.116604187827768,34.77365628188145
25.2,-3.972022652553341,0.2000978126383001,2.8289700458390366,4.256436258092151,4.935743698969549,21.809234844018025,30.116611848944416,34.773672219663986
25.3,-3.9720307584891543,0.2000814958563952,2.8289416165673105,4.256379637078676,4.93574445223927,21.809238447970372,30.116619059526943,34.77368738869814
25.4,-3.972039064136817,0.20006642926142887,2.8289155195952014,4.256326627776427,4.935745217468846,21.80924182456988,30.116625743014488,34.77370164634864
25.5,-3.9720475536514366,0.2000527833215706,2.8288920518953056,4.256277695932411,4.935745993306977,21.809244941742627,30.116631827614697,34.77371485856319
25.6,-3.9720562119540954,0.2000407179939739,2.8288714920535862,4.256233278529642,4.935746778501285,21.809247769465465,30.116637245870347,34.77372689956389
25.7,-3.972065024791107,0.20003038289932187,2.828854100614128,4.256193784408132,4.935747571888747,21.809250279646005,30.116641934693934,34.77373765158711
25.8,-3.9720739784336825,0.20002191778349454,2.8288401207077403,4.256159595065741,4.935748372334249,21.809252446103052,30.11664583533215,34.77374700479765
25.9,-3.972083060085327,0.2000154524242463,2.8288297781721927,4.256131065125181,4.9357491788019905,21.80925424451103,30.11664889318156,34.77375485708016
26.0,-3.9720922573254334,0.20001110729741098,2.828823282355031,4.2561085232703135,4.935749990278324,21.809255652315745,30.116651057526525,34.77376111359228
26.1,-3.9721015585961323,0.20000899342596548,2.8288208262060994,4.256092272683121,4.93575080584613,21.80925664871141,30.116652281855245,34.77376568702378
26.2,-3.9721109527376814,0.20000921297795762,2.828822586998786,4.256082591943798,4.935751624607728,21.80925721462611,30.11665252321771,34.77376849686452
26.3,-3.9721204293100496,0.20001185924529602,2.828828726545608,4.256079735551601,4.935752445740477,21.809257332601337,30.11665174245624,34.77376946963797
26.4,-3.972129978252665,0.20001701714739972,2.8288393918551207,4.25608393476715,4.935753268477066,21.80925698678861,30.116649904126344,34.7737685383898
26.5,-3.972139590246323,0.20002476317907444,2.8288547153039723,4.256095398117132,4.935754092069052,21.80925616286689,30.116646976141574,34.77376564272465
26.6,-3.9721492561551424,0.20003516608495628,2.828874815434223,4.256114312338934,4.935754915813591,21.80925484805755,30.116642929713446,34.773760728348044
26.7,-3.9721589676418008,0.2000482866083808,2.8288997969745253,4.256140842761101,4.93575573910677,21.80925303102644,30.11663773958457,34.77375374714341
26.8,-3.972168716626066,0.20006417815135605,2.8289297516250205,4.2561751342370515,4.935756561304305,21.809250701778193,30.116631383499747,34.77374465679687
26.9,-3.9721784954444934,0.20008288688162207,2.828964758349995,4.2562173117382365,4.9357573818586085,21.809247851755792,30.116623842203733,34.77373342052432
27.0,-3.972188296928164,0.20010445190255885,2.8290048837722686,4.256267480983406,4.935758200260119,21.80924447364926,30.116615099492357,34.77372000715312
27.1,-3.9721981142540175,0.20012890559966898,2.8290501826680696,4.256325729171091,4.935759015983636,21.809240561432706,30.116605141925042,34.77370439065053
27.2,-3.972207941026062,0.20015627380561632,2.829100698336374,4.256392125597826,4.935759828592602,21.809236110311257,30.116593959062552,34.77368655013689
27.3,-3.9722177711618305,0.20018657611672108,2.8291564630833435,4.25646672236325,4.935760637648816,21.80923111661621,30.116581542412465,34.77366646947085
27.4,-3.9722275989207634,0.20021982609427696,2.829217498600493,4.256549555001282,4.935761442762959,21.80922557784631,30.11656788711731,34.7736441372622
27.5,-3.972237418838046,0.20025603154037958,2.8292838164188137,4.256640643149032,4.935762243553784,21.809219492531827,30.11655298971737,34.77361954666812
27.6,-3.972247225866748,0.20029519460442172,2.829355418209622,4.256739991108646,4.935763039688334,21.80921286028236,30.116536849563325,34.77359269506159
27.7,-3.972257015144397,0.20033731218604017,2.829432296330572,4.256847588582944,4.935763830863389,21.809205681665933,30.116519468414026,34.77356358400064
27.8,-3.972266782184381,0.20038237599840417,2.829514434088053,4.256963411196466,4.93576461675558,21.80919795818598,30.116500849482552,34.77353221900248
27.9,-3.97227652270442,0.2004303729158052,2.8296018062321346,4.257087421184609,4.935765397126055,21.809189692297075,30.116480998961634,34.77349860933824
28.0,-3.9722862326474058,0.20048128516564045,2.8296943793159772,4.257219567978901,4.935766171720046,21.809180887244413,30.11645992419066,34.77346276783302
28.1,-3.9722959083076548,0.20053509043581882,2.829792111996328,4.257359788735202,4.935766940316782,21.809171547249928,30.116437634996863,34.77342471088375
28.2,-3.972305546063926,0.20059176228714154,2.8298949555545794,4.257508009038309,4.935767702702704,21.809161677093822,30.116414142428262,34.773384458066694
28.3,-3.972315142644935,0.2006512701440966,2.830002854100773,4.25766414334259,4.935768458689021,21.809151282466033,30.11638945954889,34.773342032025056
28.4,-3.972324694890296,0.20071357967906234,2.830115745077176,4.257828095644616,4.9357692081168,21.80914036969542,30.116363600902744,34.773297458462864
28.5,-3.972334199915416,0.2007786528736652,2.8302335594857198,4.257999759950333,4.935769950826278,21.809128945835347,30.116336582855418,34.77325076587706
28.6,-3.9723436549633946,0.20084644832667106,2.8303562223492076,4.258179020883597,4.935770686675077,21.80911701851718,30.116308422539362,34.77320198524297
28.7,-3.9723530574729664,0.20091692138419073,2.8304836529682635,4.258365754178412,4.9357714155270225,21.80910459595093,30.1162791388725,34.77315115014525
28.8,-3.972362405029424,0.20099002435978014,2.8306157653109025,4.25855982721775,4.93577213730946,21.80909168696139,30.116248752466255,34.77309829658766
28.9,-3.972371695453518,0.20106570664302015,2.8307524682547687,4.258761099493677,4.935772851885473,21.809078300919936,30.116217284170897,34.77304346262163
29.0,-3.9723809266123986,0.20114391502125886,2.8308936660270456,4.25896942319142,4.935773559224462,21.80906444756432,30.116184756610853,34.77298668845154
29.1,-3.9723900965912953,0.2012245937158379,2.8310392584082082,4.259184643587595,4.935774259194411,21.809050137195857,30.11615119332043,34.7729280161704
29.2,-3.972399203607397,0.20130768461433782,2.8311891410676995,4.259406599560554,4.9357749517615135,21.809035380542042,30.116116618563883,34.772867489660236
29.3,-3.9724082459588566,0.20139312747389043,2.8313432059062134,4.259635124073546,4.9357756368723935,21.80902018871001,30.1160810582305,34.77280515448633
29.4,-3.9724172220871115,0.20148086003091506,2.8315013412934524,4.2598700445913655,4.935776314471766,21.809004573137695,30.11604453761096,34.77274105778675
29.5,-3.972426130598977,0.20157081813585576,2.8316634323214336,4.260111183504427,4.9357769845313575,21.808988545588395,30.116007084569542,34.772675248042944
29.6,-3.9724349701149713,0.20166293602484403,2.8318293611916157,4.260358358625357,4.935777647042955,21.808972118271203,30.115968726081782,34.7726077750206
29.7,-3.972443739465077,0.20175714631078834,2.8319990073303316,4.260611383505749,4.935778301987093,21.80895530358024,30.115929490493954,34.772538689703374
29.8,-3.972452437492566,0.2018533802804844,2.832172247788785,4.26087006793266,4.935778949295234,21.808938114007784,30.11588940717227,34.772468044185025
29.9,-3.9724610631881756,0.2019515679254555,2.832348957383451,4.261134218250292,4.9357795890402425,21.80892056259068,30.115848504822782,34.77239589143251
30.0,-3.9724696155945423,0.20205163815457877,2.832529009026672,4.261403637785167,4.935780221190716,21.808902662272452,30.11580681394717,34.77232228533731
30.1,-3.9724780938563153,0.20215351888111008,2.832712273895413,4.26167812718666,4.93578084573363,21.808884426412174,30.115764364236444,34.77224728043491
30.2,-3.972486497191727,0.20225713717401989,2.832898621701157,4.261957484795099,4.935781462699733,21.808865868359526,30.11572118620605,34.77217093205785
30.3,-3.9724948248876,0.2023624193827284,2.833087920903658,4.2622415069875235,4.9357820721280685,21.808847001572467,30.11567731161433,34.772093295936166
30.4,-3.9725030763086795,0.20246929124859372,2.8332800389123163,4.262529988504326,4.935782673994588,21.80882783972422,30.11563277018465,34.77201442837371
30.5,-3.972511250891065,0.20257767802401175,2.833474842301974,4.2628227227736675,4.935783268443882,21.808808396607564,30.115587594137853,34.7719343859762
30.6,-3.972519348104644,0.20268750461285323,2.833672197026537,4.263119502238521,4.935783855207422,21.80878868604428,30.115541814757737,34.77185322571659
30.7,-3.972527367516055,0.20279869562702335,2.833871968585828,4.263420118625145,4.93578443474548,21.808768721701195,30.115495464002798,34.771771004604915
30.8,-3.972535308716447,0.20291117554677263,2.834074022237078,4.2637243632653234,4.935785006777417,21.80874851750235,30.11544857242151,34.771687779943306
30.9,-3.9725431713708503,0.2030248687809819,2.834278223152176,4.264032027350645,4.935785571473663,21.808728087388918,30.115401172507664,34.771603609072926
31.0,-3.9725509551726907,0.20313969979715824,2.834484436619621,4.2643429022191714,4.935786128875505,21.80870744523325,30.115353294621617,34.77151854905646
31.1,-3.9725586598789566,0.20325559318648856,2.8346925281710336,4.264656779596154,4.935786678867551,21.808686604560727,30.115304972165553,34.77143265718465
31.2,-3.972566285279414,0.20337247377548773,2.8349023637717394,4.264973451853562,4.9357872217147944,21.80866557945273,30.115256236180848,34.771345990568996
31.3,-3.9725738312102914,0.20349026670089557,2.8351138099704594,4.265292712239253,4.9357877572839985,21.80864438367806,30.11520711566986,34.7712586056463
31.4,-3.972581297546605,0.2036088974937321,2.8353267340158994,4.265614355107265,4.935788285818885,21.808623030509178,30.115157645365255,34.77117055896064
31.5,-3.972588684191612,0.20372829216784072,2.8355410040494657,4.265938176135969,4.935788807221205,21.808601533770958,30.11510785318563,34.77108190662177
31.6,-3.9725959910912665,0.2038483772804476,2.8357564891779976,4.266263972531108,4.935789321630567,21.8085799070449,30.115057770771834,34.77099270433303
31.7,-3.972603218219536,0.20396908001755526,2.835973059650379,4.2665915432257355,4.935789829077145,21.808558163415046,30.11500742973419,34.77090300721092
31.8,-3.9726103655794325,0.20409032825452394,2.8361905869609467,4.266920689068906,4.935790329638389,21.808536315986778,30.114956857271437,34.77081286994194
31.9,-3.972617433201398,0.20421205062602882,2.8364089439588622,4.267251213003494,4.935790823199548,21.80851437836763,30.114906085157042,34.77072234660442
32.0,-3.9726244211445008,0.20433417658466194,2.836628004959072,4.267582920236804,4.935791309906463,21.80849236282357,30.114855145088477,34.770631490658
32.1,-3.9726313295033413,0.2044566364565438,2.836847645855276,4.267915618395568,4.935791790147762,21.80847028253812,30.114804062715233,34.77054035484709
32.2,-3.972638158381337,0.20457936149267658,2.837067744190434,4.268249117684953,4.935792259777209,21.80844814737555,30.11475287256151,34.77044899337672
32.3,-3.972644907877334,0.20470228399689924,2.8372881793139375,4.268583231055053,4.935792729741507,21.808425977024903,30.114701582122503,34.77035745273022
32.4,-3.972651578169062,0.20482533720966403,2.8375088324535485,4.26891777427421,4.935793190546406,21.80840377692558,30.114650255577445,34.77026578690771
32.5,-3.972658169422611,0.20494845551408725,2.8377295866499965,4.26925256611302,4.935793644202748,21.808381560567444,30.114598884528046,34.77017404580832
32.6,-3.9726646818183813,0.20507157440812315,2.837950327068524,4.2695874284475925,4.935794091417428,21.808359340649044,30.114547517272552,34.77008227744246
32.7,-3.972671115558917,0.2051946305558162,2.838170940922107,4.269922186364587,4.935794532222594,21.80833712838954,30.114496173437193,34.76999053021945
32.8,-3.9726774708593005,0.2053175618296513,2.8383913175718294,4.27025666827115,4.935794966868193,21.808314934981613,30.114444879754632,34.76989885110042
32.9,-3.9726837479571877,0.20544030733590282,2.838611348594438,4.270590705987573,4.935795394978875,21.808292771779815,30.11439366256891,34.76980728608442
33.0,-3.9726899470929156,0.20556280746317196,2.83883092784428,4.270924134841846,4.9357958170013845,21.808270649542397,30.11434254336309,34.769715880619295
33.1,-3.9726960685293804,0.20568500389657934,2.8390499514953924,4.271256793746706,4.9357962329077525,21.808248578949986,30.114291552894528,34.769624678885485
33.2,-3.9727021125358224,0.2058068396572335,2.839268318094711,4.271588525279154,4.935796642701955,21.80822657051731,30.1142407062677,34.76953372408893
33.3,-3.972708079394521,0.20592825911991544,2.8394859286049066,4.271919175746398,4.935797046409798,21.808204634413226,30.11419003384383,34.76944305856055
33.4,-3.972713969399584,0.2060492080387779,2.8397026864568877,4.272248595250074,4.935797444230332,21.80818278039029,30.114139554722165,34.769352723197194
33.5,-3.9727197828502265,0.20616963357293633,2.839918497569712,4.272576637744318,4.935797835995937,21.808161018218808,30.11408929128464,34.76926275832506
33.6,-3.9727255200638907,0.20628948429090693,2.840133270391201,4.272903161078602,4.935798221977431,21.808139357288667,30.11403926622199,34.76917320290364
33.7,-3.9727311813513912,0.20640871020979734,2.84034691592936,4.273228027053841,4.935798602142371,21.808117806669802,30.113989499838603,34.76908409503753
33.8,-3.9727367670468774,0.20652726278171898,2.840559347756892,4.273551101446914,4.935798976610745,21.808096375214976,30.11394001154099,34.76899547139583
33.9,-3.972742277487558,0.2066450949246927,2.8407704820725592,4.273872254052826,4.9357993453428675,21.808075071545616,30.113890822196005,34.768907367730506
34.0,-3.972747713017943,0.20676216102651312,2.8409802376725284,4.274191358709086,4.935799708416742,21.808053904152622,30.113841949480747,34.76881981882718
34.1,-3.972753073973918,0.20687841696726875,2.8411885360093,4.274508293326073,4.935800065934146,21.8080328808576,30.113793412483396,34.76873285834774
34.2,-3.9727583607305457,0.20699382008508208,2.841395301152259,4.274822939881659,4.935800417885752,21.808012009581425,30.113745228831135,34.768646518337896
34.3,-3.972763573626887,0.20710832924259664,2.8416004598547886,4.275135184466857,4.935800764376867,21.807991297785584,30.11369741624722,34.76856083028619
34.4,-3.9727687130568228,0.2072219047554579,2.841803941494688,4.275444917254048,4.935801105434856,21.80797075272368,30.11364999041576,34.768475824469206
34.5,-3.9727737793699704,0.20733450847272777,2.8420056781452367,4.275752032544378,4.935801441158926,21.807950381354644,30.113602967546914,34.768391529813556
34.6,-3.9727787729387765,0.20744610372449543,2.842205604532238,4.276056428734611,4.935801771526651,21.807930190440622,30.113556363043962,34.76830797432324
34.7,-3.9727836941729127,0.20755665530588155,2.8424036579923655,4.276358008306943,4.935802096630514,21.807910186298884,30.11351019136024,34.7682251846163
34.8,-3.9727885434409425,0.20766612953369593,2.842599778568853,4.2766566778533965,4.935802416519819,21.8078903751182,30.11346446672871,34.768143186535724
34.9,-3.9727933211312614,0.20777449420142047,2.8427939089267804,4.276952348036073,4.935802731235965,21.807870762889266,30.113419202108002,34.76806200456463
35.0,-3.972798027634618,0.20788171857773952,2.842985994352556,4.277244933579431,4.935803040820524,21.807851355077826,30.113374411056384,34.76798166205845
35.1,-3.972802663343932,0.20798777340167704,2.8431759827626872,4.277534353245299,4.935803345350852,21.807832157087873,30.113330105129453,34.76790218176442
35.2,-3.9728072286830445,0.2080926308554465,2.843363824659645,4.277820529800465,4.935803644830316,21.807813174021696,30.11328629627734,34.76782358430376
35.3,-3.972811724022285,0.2081962646133691,2.84354947313494,4.278103390024921,4.935803939337351,21.807794410605656,30.113242995566996,34.76774589018868
35.4,-3.9728161497961234,0.20829864974653436,2.843732883859242,4.278382864630725,4.935804228907926,21.80777587154366,30.113200212979653,34.76766911842501
35.5,-3.9728205064107045,0.20839976277550112,2.8439140150145095,4.27865888826878,4.935804513613786,21.807757560970852,30.113157958367434,34.76759328691902
35.6,-3.9728247942712214,0.20849958164068771,2.8440928273311834,4.278931399480233,4.935804793482777,21.807739482995604,30.11311624123822,34.76751841267081
35.7,-3.972829013791054,0.2085980856785612,2.8442692840199895,4.2792003406547545,4.935805068553245,21.807721641426706,30.11307507011992,34.76744451143649
35.8,-3.9728331653988493,0.20869525560211374,2.84444335075787,4.279465657985436,4.935805338830103,21.807704039777608,30.113034452713187,34.76737159812226
35.9,-3.9728372494840074,0.20879107352658008,2.844614995678339,4.279727301451047,4.935805604446712,21.807686681267015,30.11299439656499,34.76729968644749
36.0,-3.9728412665307715,0.20888552284824136,2.8447841892726142,4.279985224704836,4.935805865382815,21.80766956895122,30.11295490919796,34.767228789186944
36.1,-3.972845216895625,0.20897858840173542,2.8449509044869585,4.28023938513564,4.935806121691068,21.80765270569159,30.112915996429063,34.767158918099376
36.2,-3.972849101047694,0.20907025625072811,2.845115116544969,4.2804897436992615,4.935806373437254,21.80763609392352,30.11287766431756,34.7670900839138
36.3,-3.9728529194236697,0.20916051378654174,2.845276803005523,4.280736264939048,4.9358066206494815,21.80761973601322,30.11283991764817,34.76702229642624
36.4,-3.9728566724404746,0.20924934969423511,2.8454359437063688,4.280978916923778,4.935806863339713,21.807603634064165,30.112802761781296,34.7669555645083
36.5,-3.972860360538996,0.20933675390177497,2.8455925207254333,4.281217671172271,4.935807101588344,21.807587789903046,30.11276620086318,34.76688989593445
36.6,-3.9728639841359374,0.20942271759395695,2.845746518358585,4.281452502618382,4.935807335436475,21.80757220516363,30.112730237839806,34.766825297688094
36.7,-3.972867543677596,0.20950723315041267,2.845897923037148,4.28168338952757,4.935807564874541,21.80755688124955,30.11269487678851,34.76676177579869
36.8,-3.9728710396120865,0.2095902941452841,2.8460467233287883,4.281910313450167,4.935807789973966,21.807541819347925,30.112660119937093,34.76669933541578
36.9,-3.9728744724222613,0.20967189529785524,2.846192909864314,4.282133259143694,4.935808010834507,21.80752702043412,30.112625969776012,34.76663798067207
37.0,-3.972877842467622,0.20975203257541672,2.8463364754005185,4.282352214586642,4.935808227398631,21.807512485269687,30.112592427732682,34.766577715005035
37.1,-3.9728811502877583,0.209830702930257,2.8464774145861695,4.282567170769284,4.935808439738299,21.80749821444683,30.112559495363026,34.766518540967034
37.2,-3.9728843962412594,0.20990790456139752,2.846615724142086,4.282778121803099,4.935808647901704,21.80748420830936,30.11252717335595,34.76646046017792
37.3,-3.97288758084477,0.20998363662243724,2.8467514026176612,4.282985064691566,4.935808851925932,21.807470467060256,30.112495461830857,34.76640347355482
37.4,-3.9728907045833535,0.2100578993472995,2.8468844504589415,4.283187999355354,4.935809051868758,21.807456990608575,30.112464361438846,34.76634758121697
37.5,-3.972893767813591,0.21013069410237478,2.847014870021493,4.283386928612293,4.93580924771724,21.80744377877227,30.11243387096366,34.76629278239474
37.6,-3.9728967710241947,0.21020202315619732,2.847142665378797,4.28358185798448,4.935809439544984,21.80743083119171,30.112403990006857,34.76623907567726
37.7,-3.9728997147435625,0.21027188972646038,2.8472678423167195,4.283772795673674,4.9358096273542325,21.80741814728228,30.112374716491043,34.766186458848786
37.8,-3.9729025993986906,0.21034029806748822,2.8473904083913757,4.2839597525612065,4.935809811220787,21.807405726303955,30.11234604943871,34.766134929057685
37.9,-3.9729054254189258,0.21040725336313365,2.847510372813725,4.284142742088566,4.935809991176901,21.80739356729475,30.11231798644089,34.76608448260377
38.0,-3.972908193252191,0.21047276168712406,2.8476277463915465,4.284321780179859,4.935810167229484,21.807381669238517,30.112290525147962,34.76603511524711
38.1,-3.972910903450423,0.2105368299109119,2.8477425414403124,4.284496885131133,4.935810339426097,21.807370030859698,30.112263662540318,34.7659868220236
38.2,-3.972913556470352,0.21059946583593375,2.84785477184985,4.284668077635734,4.935810507838646,21.80735865084141,30.11223739571475,34.765939597350666
38.3,-3.972916152688786,0.21066067815464964,2.8479644530358637,4.284835380706711,4.935810672450441,21.80734752754971,30.11221172067735,34.765893434973115
38.4,-3.9729186926830113,0.21072047620395845,2.848071601717104,4.2849988194706246,4.935810833317532,21.807336659366833,30.112186633860574,34.765848328015494
38.5,-3.9729211769104014,0.2107788701924886,2.84817623607458,4.285158421252372,4.935810990457895,21.807326044441186,30.112162131024597,34.76580426917986
38.6,-3.972923605818352,0.21083587108740345,2.8482783756316485,4.285314215450538,4.935811143944061,21.80731568082539,30.112138207728524,34.76576125039599
38.7,-3.9729259799789833,0.21089149048332723,2.8483780411209643,4.285466233402006,4.935811293780157,21.807305566410523,30.112114859030896,34.7657192631004
38.8,-3.97292829972116,0.2109457408656602,2.8484752546776373,4.285614508489146,4.935811440018866,21.807295699006364,30.112092079841755,34.76567829834018
38.9,-3.9729305656137965,0.2109986352039895,2.8485700394838758,4.285759075835288,4.935811582678179,21.80728607624215,30.112069865008294,34.76563834651063
39.0,-3.972932778177237,0.21105018715423413,2.8486624199071224,4.28589997237408,4.935811721799439,21.80727669569532,30.112048208442825,34.765599397538324
39.1,-3.9729349378342955,0.21110041107182997,2.8487524214890056,4.2860372368028745,4.935811857430961,21.807267554771776,30.112027104812125,34.76556144091487
39.2,-3.9729370452080164,0.21114932175025133,2.8488400706987766,4.286170909369084,4.935811989572156,21.80725865082403,30.112006547342663,34.76552446556468
39.3,-3.972939100596489,0.21119693481157834,2.8489253952347764,4.286301032053102,4.9358121183124,21.807249981014337,30.111986530235257,34.765488460244654
39.4,-3.9729411046158045,0.21124326617177605,2.849008423563525,4.28642764818909,4.935812243616273,21.807241542502005,30.111967046523336,34.76545341313822
39.5,-3.9729430577329694,0.21128833238547384,2.849089185183621,4.286550802621629,4.935812365590705,21.807233332344484,30.111948089472286,34.76541931181285
39.6,-3.972944960491778,0.2113321504423781,2.849167710413698,4.286670541527137,4.93581248419158,21.807225347434013,30.111929652116682,34.7653861439438
39.7,-3.972946813406644,0.21137473782560326,2.8492440304428803,4.286786912396851,4.935812599522294,21.807217584647233,30.111911727129314,34.76535389648179
39.8,-3.9729486168285,0.21141611259358073,2.8493181773434784,4.286899964034032,4.93581271157431,21.80721004074321,30.111894307146628,34.76532255607856
39.9,-3.972950371486483,0.2114562929262477,2.849390183715829,4.287009746224664,4.9358128204251654,21.807202712435554,30.11187738456133,34.7652921092455
40.0,-3.972952077745252,0.21149529768910189,2.8494600830951713,4.2871163100289245,4.935812926068295,21.8071955963504,30.111860951568627,34.76526254201793
40.1,-3.972953736084925,0.21153314602879092,2.8495279095945145,4.2872197074837315,4.93581302851525,21.807188689021864,30.111845000398127,34.76523384027713
40.2,-3.9729553471212142,0.21156985733237516,2.8495936978781296,4.287319991525834,4.935813127880665,21.807181986955143,30.111829522950078,34.76520598949452
40.3,-3.9729569112214316,0.2116054515088928,2.849657483339441,4.2874172161134005,4.935813224111051,21.807175486607,30.111814511064836,34.76517897500354
40.4,-3.972958429127138,0.21163994847206724,2.849719301675439,4.287511435860302,4.935813317320536,21.80716918434237,30.111799956246124,34.765152781986096
40.5,-3.9729599011674073,0.21167336873954756,2.849779189340747,4.287602706350809,4.935813407463098,21.80716307650565,30.111785850302432,34.76512739527163
40.6,-3.9729613278904794,0.2117057329106115,2.849837183103874,4.287691083773336,4.935813494632426,21.807157159379923,30.111772184704936,34.76510279935237
40.7,-3.972962709929263,0.21173706174879167,2.8498933200937517,4.287776624921563,4.935813578867125,21.80715142920711,30.111758950654018,34.765078979004656
40.8,-3.9729640475914048,0.21176737648488883,2.8499476380202053,4.287859387330751,4.935813660129762,21.807145882191936,30.11174613962133,34.76505591841896
40.9,-3.972965341588553,0.21179669821729616,2.850000174679633,4.287939428865243,4.935813738533464,21.80714051449466,30.111733742683427,34.76503360190964
41.0,-3.972966592384748,0.21182504840491465,2.8500509683068693,4.288016807972069,4.9358138140875845,21.807135322321084,30.11172175097167,34.76501201332272
41.1,-3.9729678005148883,0.21185244859411542,2.8501000573628184,4.288091583468722,4.93581388678436,21.807130301730542,30.111710155652787,34.7649911368418
41.2,-3.972968966427947,0.21187892052285845,2.8501474805785443,4.288163814560272,4.935813956702989,21.80712544884847,30.111698947711652,34.76497095623553
41.3,-3.972970090766947,0.21190448587519461,2.8501932767367504,4.288233560645861,4.935814023881317,21.807120759715456,30.111688118368182,34.76495145531814
41.4,-3.9729711740329106,0.2119291665289375,2.8502374848655423,4.288300881425606,4.935814088341885,21.8071162304491,30.11167765813527,34.764932617743426
41.5,-3.9729722166025776,0.21195298452090114,2.850280144176601,4.288365836835663,4.9358141500836075,21.807111857043832,30.11166755828863,34.76491442730365
41.6,-3.9729732191981126,0.21197596165505367,2.8503212937441362,4.288428486767664,4.935814209200114,21.80710763559588,30.11165780952988,34.764896867564715
41.7,-3.9729741822135747,0.21199812001616758,2.850360972875032,4.288488891339572,4.9358142657011514,21.807103562127587,30.111648402936563,34.76487992215371
41.8,-3.9729751062098915,0.21201948155847755,2.850399220794179,4.288547110604903,4.9358143195822795,21.80709963267895,30.111639329413958,34.76486357475148
41.9,-3.9729759917562126,0.21204006821340934,2.850436076679192,4.288603204577362,4.935814370976441,21.80709584329566,30.111630579673616,34.764847808966955
42.0,-3.972976839380357,0.21205990190986582,2.850471579686585,4.288657233205339,4.935814419803073,21.807092190037018,30.11162214481912,34.764832608449154
42.1,-3.9729776496072113,0.2120790045265042,2.8505057688690956,4.2887092563036,4.9358144661780505,21.807088668942132,30.111614015718718,34.76481795684856
42.2,-3.9729784229409635,0.21209739788722004,2.850538683178402,4.288759333514339,4.935814510064803,21.807085276120464,30.11160618341026,34.76480383778679
42.3,-3.9729791598934905,0.21211510372305378,2.8505703614063718,4.288807524246633,4.935814551576624,21.807082007615946,30.111598638864663,34.76479023550488
42.4,-3.972979860886787,0.21213214373215533,2.8506008422192535,4.288853887678154,4.9358145906879916,21.807078859548316,30.111591373080834,34.76477713338001
42.5,-3.972980526712378,0.21214853920009027,2.850630163836026,4.288898482489655,4.935814627455854,21.807075828083807,30.111584377236724,34.76476451563483
42.6,-3.972981157712655,0.21216431163207417,2.8506583645261,4.288941367216341,4.935814661888958,21.807072909338824,30.111577642486466,34.76475236629863
42.7,-3.9729817545167814,0.21217948215560783,2.8506854821039487,4.288982599851762,4.93581469408429,21.80707009951886,30.111571159895874,34.764740669611754
42.8,-3.9729823175373187,0.21219407190391507,2.850711554236716,4.289022238049791,4.935814724021704,21.807067394783456,30.111564921005062,34.764729409640594
42.9,-3.972982847352454,0.21220810169973423,2.850736618160381,4.289060338902582,4.935814751736601,21.807064791450156,30.111558916958934,34.76471857099645
43.0,-3.972983344538556,0.21222159217369432,2.8507607107800985,4.289096958982038,4.935814777295029,21.80706228574238,30.111553139337342,34.764708138339756
43.1,-3.972983809582411,0.21223456382030892,2.85078386868541,4.28913215434688,4.935814800704652,21.807059873994035,30.111547579576907,34.764698096148905
43.2,-3.972984242933214,0.2122470369448951,2.8508061281032293,4.2891659804828555,4.935814821894865,21.807057552546148,30.111542229318104,34.76468842947107
43.3,-3.9729846450466044,0.21225903161638005,2.8508275248484347,4.28919849224737,4.9358148412177325,21.807055317800728,30.111537080239582,34.76467912336953
43.4,-3.972985016707566,0.21227056739911207,2.8508480940978074,4.289229743683222,4.935814858403896,21.807053166193672,30.111532124171912,34.76467016298568
43.5,-3.9729853581599572,0.21228166403236814,2.850867870916655,4.2892597884053565,4.935814873570721,21.807051094188697,30.111527353121936,34.76466153368679
43.6,-3.972985670101688,0.21229234063043897,2.850886889619792,4.289288679094507,4.935814886746067,21.807049098339785,30.11152275883371,34.76465322126914
43.7,-3.972985952969471,0.2123026162394307,2.850905184192941,4.289316467812783,4.93581489804538,21.80704717526059,30.1115183337303,34.76464521139802
43.8,-3.9729862072645346,0.21231250956980197,2.8509227880855064,4.289343205819958,4.935814907327514,21.807045321495796,30.111514069934945,34.764637490226264
43.9,-3.972986433582293,0.212322038964154,2.850939734162943,4.289368943535966,4.935814914796082,21.80704353383708,30.111509959850626,34.76463004393913
44.0,-3.9729866321996217,0.21233122271461735,2.8509560549567907,4.289393730715351,4.935814920420355,21.807041808977203,30.111505995889168,34.7646228588359
44.1,-3.9729868037782388,0.21234007849899544,2.8509717822051988,4.289417616086318,4.935814924245902,21.807040143619187,30.111502170723327,34.764615921957265
44.2,-3.972986948890507,0.2123486237482144,2.8509869471436327,4.289440647559094,4.935814926223092,21.80703853483912,30.11149847712824,34.7646092199954
44.3,-3.972987067972654,0.2123568756758618,2.8510015805139135,4.289462872229701,4.935814926465056,21.80703697926138,30.111494907943797,34.76460274015466
44.4,-3.9729871613941454,0.21236485121724832,2.8510157125194673,4.289484336327577,4.935814925122689,21.807035474061365,30.111491456253503,34.764596469925586
44.5,-3.9729872297454563,0.21237256679691355,2.8510293726230445,4.28950508506284,4.935814921989072,21.807034016169574,30.11148811515003,34.76459039676909
44.6,-3.9729872735405567,0.21238003855696674,2.8510425897299503,4.289525162752659,4.935814917278214,21.807032602711615,30.111484877907504,34.76458450897132
44.7,-3.9729872932515145,0.21238728232552462,2.8510553921575643,4.289544612792242,4.935814910863384,21.807031230808967,30.111481738019087,34.7645787943243
44.8,-3.972987289170611,0.2123943137218237,2.8510678077124783,4.289563477709347,4.9358149028742595,21.80702989775843,30.11147868909748,34.76457324132222
44.9,-3.9729872621672495,0.21240114755198045,2.8510798632080845,4.289581798788334,4.935814893348387,21.807028600698253,30.11147572466374,34.764567839027556
45.0,-3.9729872122774346,0.2124077989241211,2.851091585348917,4.2895996167412465,4.935814882334951,21.80702733707461,30.111472838782863,34.76456257602667
45.1,-3.972987140359349,0.2124142819324541,2.8511029996775883,4.289616970900463,4.935814869748211,21.80702610431164,30.111470025609883,34.764557441535715
45.2,-3.972987046553451,0.21242061087632155,2.851114131546972,4.28963389995653,4.935814855779471,21.807024899778284,30.111467278893798,34.76455242531128
45.3,-3.9729869315561492,0.21242679924915261,2.851125005303962,4.289650441336046,4.935814840325038,21.80702372111819,30.11146459341378,34.76454751685837
45.4,-3.9729867956494,0.21243286050213125,2.8511356449127967,4.28966663166694,4.935814823510599,21.807022565841443,30.111461963450054,34.764542706336194
45.5,-3.9729866394468516,0.21243880745757468,2.8511460734709684,4.2896825064156205,4.935814805276506,21.807021431660402,30.111459383413056,34.7645379841123
45.6,-3.9729864632449603,0.212444652818523,2.851156313621393,4.289698100197444,4.935814785758949,21.807020316340036,30.111456848374345,34.764533340679264
45.7,-3.9729862676630763,0.21245040866241593,2.8511663871469657,4.2897134464675295,4.935814764875566,21.80701921762894,30.111454353168245,34.76452876701809
45.8,-3.9729860528880385,0.2124560870401119,2.8511763154477534,4.2897285778858985,4.9358147427537915,21.807018133389064,30.11145189277966,34.7645242541365
45.9,-3.972985819574583,0.21246169926293956,2.851186118980427,4.289743525884538,4.935814719323453,21.80701706157066,30.11144946255593,34.764519793538184
46.0,-3.9729855681106754,0.21246725648503656,2.8511958177146632,4.289758321023829,4.9358146947327874,21.807016000197148,30.11144705788929,34.764515376795245
46.1,-3.9729852989308263,0.21247276945691104,2.85120543093499,4.289772992846297,4.935814668918538,21.807014947301436,30.11144467408915,34.76451099577018
46.2,-3.972985012373718,0.2124782486405767,2.8512149773486937,4.2897875699486905,4.935814641893661,21.807013901002083,30.111442307056898,34.764506643047575
46.3,-3.9729847088691144,0.21248370406279543,2.8512244749598814,4.289802079897776,4.935814613782232,21.80701285953,30.111439952492116,34.76450231075488
46.4,-3.9729843889795453,0.21248914528415402,2.8512339410415772,4.289816549217782,4.935814584524736,21.807011821070468,30.111437606604177,34.76449799169448
46.5,-3.9729840528457028,0.21249458184215053,2.8512433925102267,4.289831003662741,4.9358145541909515,21.80701078401597,30.11143526516993,34.7644936790457
46.6,-3.9729837011763456,0.21250002246909738,2.8512528452938706,4.289845467750767,4.935814522811034,21.807009746733602,30.111432924609833,34.76448936609729
46.7,-3.9729833341167504,0.21250547599226008,2.8512623150440572,4.2898599653155305,4.935814490360445,21.807008707594076,30.111430581305942,34.764485046137
46.8,-3.972982952244323,0.21251095054916938,2.851271816532195,4.289874519038826,4.9358144569335005,21.807007665238213,30.111428231887604,34.76448071317397
46.9,-3.9729825557973215,0.21251645420070892,2.851281364127352,4.2898891508299855,4.9358144225061515,21.8070066181286,30.111425872989848,34.764476361151026
47.0,-3.972982145266386,0.21252199446956044,2.8512909714455277,4.2899038815547055,4.935814387165961,21.807005564917787,30.11142350133533,34.7644719843911
47.1,-3.9729817209558127,0.21252757868861166,2.851300651615475,4.2899187312567335,4.935814350880513,21.807004504317078,30.11142111408121,34.764467577443256
47.2,-3.972981283284962,0.21253321376997864,2.8513104171171118,4.289933719025721,4.935814313682354,21.807003435070495,30.11141870819557,34.764463135080774
47.3,-3.9729808325561917,0.21253890639132741,2.8513202799138915,4.289948863121931,4.935814275588561,21.80700235596227,30.111416280918483,34.764458652367225
47.4,-3.9729803693377486,0.212544662699181,2.8513302512487724,4.2899641808060425,4.935814236671104,21.807001265846125,30.11141382969319,34.76445412458559
47.5,-3.9729798937480303,0.21255048888018585,2.851340342071797,4.289979688696621,4.935814196888635,21.807000163680048,30.111411351888705,34.764449547223734
47.6,-3.972979406190024,0.21255639058394432,2.8513505626117217,4.289995402432378,4.935814156322628,21.806999048429038,30.111408845190798,34.764444915984356
47.7,-3.9729789071276382,0.21256237310764287,2.851360922519723,4.290011336794412,4.935814114989025,21.806997919064163,30.111406307265252,34.7644402267983
47.8,-3.9729783967013845,0.21256844170449735,2.8513714311128266,4.2900275059064,4.935814072904718,21.806996774759448,30.111403736170455,34.764435475803516
47.9,-3.9729778755098195,0.21257460097091913,2.851382096910359,4.290043922874407,4.935814030044313,21.80699561458907,30.111401129716608,34.76443065957806
48.0,-3.9729773436540223,0.21258085560956094,2.851392928221691,4.2900606002631685,4.935813986470759,21.80699443775748,30.111398485989437,34.764425774585604
48.1,-3.9729768016572287,0.21258720970715012,2.851403932601585,4.290077549669281,4.935813942235935,21.806993243475834,30.11139580342072,34.76442081768451
48.2,-3.9729762495958254,0.21259366742811658,2.8514151173876763,4.290094782156645,4.93581389732453,21.80699203101282,30.11139308014586,34.76441578584065
48.3,-3.9729756880079385,0.21260023230101724,2.8514264891622028,4.290112307835696,4.935813851751745,21.806990799787798,30.111390314648286,34.76441067622053
48.4,-3.9729751171884815,0.21260690778465952,2.851438054184581,4.290130136219845,4.9358138055458305,21.806989549092386,30.111387505521105,34.76440548631602
48.5,-3.972974537306243,0.21261369717933296,2.8514498183408623,4.290148276186223,4.935813758775396,21.806988278345255,30.11138465140949,34.76440021374236
48.6,-3.9729739487277773,0.21262060337887356,2.8514617869472136,4.290166735837314,4.935813711373275,21.8069869870619,30.111381750894083,34.764394856255386
48.7,-3.9729733517716945,0.2126276290700475,2.851473964921856,4.290185522636669,4.935813663420791,21.8069856747417,30.111378803039255,34.76438941174609
48.8,-3.972972746736312,0.21263477671836306,2.851486356765651,4.2902046434131,4.9358136149394785,21.806984340920348,30.1113758067121,34.764383878433556
48.9,-3.9729721339534487,0.2126420485306541,2.851498966560476,4.290224104351824,4.935813565937545,21.806982985212432,30.111372760928962,34.76437825453788
49.0,-3.972971513532013,0.2126494466648779,2.851511798121492,4.290243911136949,4.935813516429571,21.80698160720101,30.111369664930805,34.764372538616115
49.1,-3.9729708859153194,0.21265697279598011,2.851524854669406,4.290264068698429,4.935813466398143,21.806980206641654,30.111366517808847,34.76436672924143
49.2,-3.972970251349672,0.21266462854292306,2.8515381391715446,4.290284581488028,4.935813415946819,21.806978783193323,30.1113633189527,34.764360825151904
49.3,-3.9729696100221155,0.21267241536540715,2.851551654270837,4.2903054534289815,4.93581336502022,21.806977336576544,30.111360067727965,34.76435482536811
49.4,-3.972968962206072,0.21268033445480886,2.851565402199328,4.29032668786312,4.935813313644543,21.80697586661226,30.111356763686473,34.76434872896456
49.5,-3.972968308201516,0.21268838678901567,2.851579384839641,4.290348287598181,4.935813261887122,21.80697437312669,30.111353406230087,34.76434253525412
49.6,-3.972967648250935,0.21269657320484964,2.8515936037672707,4.290370254964635,4.935813209710832,21.806972855930333,30.111349995132947,34.76433624332224
49.7,-3.972966982614271,0.2127048943434749,2.851608060237104,4.290392591796864,4.935813157178456,21.806971314887384,30.11134652998825,34.76432985280849
49.8,-3.9729663115836766,0.21271335064816357,2.8516227551750934,4.290415299443413,4.935813104278469,21.80696974997352,30.111343010550097,34.76432336345228
49.9,-3.9729656352278004,0.21272194256910568,2.8516376893431907,4.290438378906428,4.935813051035615,21.806968161090694,30.11133943678311,34.76431677483313
50.0,-3.9729649539102736,0.21273067016250802,2.85165286304113,4.290461830608608,4.935812997437635,21.8069665481557,30.11133580857355,34.764310086879945
50.1,-3.9729642678309594,0.21273953345664068,2.851668276389517,4.290485654630835,4.935812943527885,21.806964911284904,30.111332125727703,34.76430329953065
50.2,-3.972963577211769,0.21274853231366295,2.85168392923058,4.290509850639505,4.935812889350814,21.80696325039691,30.11132838856471,34.76429641296021
50.3,-3.9729628823339618,0.2127576664035629,2.8516998211168305,4.290534417882299,4.9358128348931904,21.806961565610838,30.111324596854857,34.764289427218635
50.4,-3.972962183247228,0.21276693544172962,2.851715951497668,4.290559355347211,4.9358127801398455,21.806959856916134,30.111320750913027,34.764282342599344
50.5,-3.972961480311172,0.21277633876434354,2.851732319403084,4.290584661514417,4.935812725110542,21.8069581244718,30.11131685098303,34.76427515966872
50.6,-3.9729607737404113,0.21278587569732077,2.8517489237176945,4.290610334593006,4.935812669877408,21.806956368362403,30.11131289720817,34.76426787875953
50.7,-3.9729600635947495,0.21279554556509686,2.8517657632141376,4.290636372538394,4.935812614423448,21.80695458877445,30.111308889824805,34.76426050044383
50.8,-3.9729593501817275,0.2128053473814265,2.8517828363053317,4.29066277287514,4.935812558749765,21.80695278576613,30.11130482943239,34.76425302544084
50.9,-3.9729586337068326,0.2128152801285642,2.8518001412694534,4.290689532879143,4.935812502855723,21.806950959688777,30.111300716139873,34.76424545436118
51.0,-3.972957914233993,0.2128253427963723,2.8518176762898513,4.2907166496102915,4.935812446780264,21.806949110530628,30.111296550622452,34.76423778813875
51.1,-3.972957192079823,0.21283553407354075,2.851835439212756,4.290744119737393,4.935812390540386,21.806947238626282,30.111292333143354,34.764230027479485
51.2,-3.9729564673643387,0.21284585270775896,2.8518534278367613,4.290771939767135,4.935812334152261,21.80694534421536,30.11128806422644,34.76422217360563
51.3,-3.972955740316101,0.21285629727177402,2.8518716397401223,4.290800105911902,4.935812277616743,21.80694342748293,30.111283744727643,34.76421422740333
51.4,-3.9729550110491396,0.21286686634090077,2.851890072412934,4.290828614208318,4.935812220924153,21.80694148874946,30.11127937483638,34.76420618987249
51.5,-3.972954279721485,0.21287755837603947,2.851908723177653,4.290857460455461,4.935812164123651,21.806939528215256,30.111274955423614,34.76419806211657
51.6,-3.972953546551622,0.21288837171188824,2.8519275891833233,4.290886640217306,4.935812107202046,21.806937546249035,30.111270487018206,34.76418984552962
51.7,-3.9729528116258597,0.21289930471720714,2.851946667532103,4.290916148929461,4.935812050183994,21.806935543128102,30.111265970233294,34.7641815412601
51.8,-3.9729520751749288,0.212910355575936,2.8519659551259133,4.290945981776076,4.935811993079728,21.80693351914154,30.111261405863715,34.76417315050543
51.9,-3.9729513373005485,0.2129215225119169,2.8519854488208587,4.290976133834692,4.935811935881279,21.806931474650597,30.11125679459159,34.76416467468893
52.0,-3.9729505982167064,0.21293280360096553,2.8520051453078468,4.2910065999697355,4.935811878633655,21.80692940990932,30.111252137344536,34.76415611522097
